{"stats":{"minecraft:dropped":{"minecraft:lapis_lazuli":638,"minecraft:glow_ink_sac":718,"minecraft:glass_bottle":1,"minecraft:warped_roots":2,"create:cogwheel":1,"minecraft:dirt":178,"alexsmobs:flying_fish":1,"minecraft:sand":146,"minecraft:sugar":176,"minecraft:iron_pickaxe":1,"minecraft:white_wool":4,"minecraft:bone":26,"minecraft:iron_nugget":7,"minecraft:cobbled_deepslate":387,"minecraft:wheat":12,"minecraft:birch_sapling":5,"minecraft:obsidian":64,"minecraft:rotten_flesh":58,"minecraft:oak_planks":130,"minecraft:blaze_powder":116,"alexsmobs:blood_sac":4,"minecraft:deepslate_tiles":44,"minecraft:charcoal":128,"minecraft:jungle_log":32,"minecraft:leather_boots":2,"create:limestone":2,"minecraft:egg":145,"minecraft:iron_ingot":711,"minecraft:wheat_seeds":154,"minecraft:cobblestone":27454,"minecraft:feather":1,"minecraft:granite":11,"minecraft:polished_andesite":12,"minecraft:oxeye_daisy":1,"minecraft:lava_bucket":1,"minecraft:diamond_helmet":1,"create:mechanical_plough":1,"minecraft:string":7,"create:raw_zinc":1414,"minecraft:spruce_sapling":60,"minecraft:pink_tulip":1,"create:brass_funnel":4,"minecraft:stone_sword":6,"hauntedharvest:rotten_apple":1,"minecraft:clay_ball":2,"create:copper_sheet":38,"minecraft:nether_bricks":4,"minecraft:diamond_sword":1,"minecraft:stone":144,"minecraft:spruce_planks":12,"minecraft:bundle":2,"create:zinc_ingot":388,"minecraft:spider_eye":23,"minecraft:barrel":12,"minecraft:bamboo":16,"minecraft:bow":15,"minecraft:magma_block":431,"create:andesite_funnel":2,"minecraft:soul_sand":9,"minecraft:brown_mushroom":21,"minecraft:oak_log":1758,"minecraft:nether_star":1,"minecraft:leather":2,"create:crimsite":2,"minecraft:flint":1343,"tombstone:bag_of_seeds":1,"minecraft:cornflower":1,"minecraft:snowball":10,"create:iron_sheet":1,"minecraft:gold_ingot":248,"minecraft:gravel":1317,"minecraft:blackstone":13,"minecraft:carrot":250,"minecraft:poppy":10,"supplementaries:ash":13,"minecraft:gunpowder":16,"minecraft:chest":1,"create:brass_ingot":229,"create:wheat_flour":17,"minecraft:basalt":96,"minecraft:arrow":245,"minecraft:quartz":478,"minecraft:netherrack":4375,"create:powdered_obsidian":3,"minecraft:stone_hoe":1,"minecraft:bread":9,"minecraft:golden_helmet":1,"farmersdelight:tree_bark":32,"minecraft:copper_ingot":946,"minecraft:grass_block":6,"minecraft:stick":9,"create:cinder_flour":1025,"minecraft:diorite":9,"tombstone:magic_scroll":3,"minecraft:torch":42,"minecraft:brown_wool":1,"tombstone:grave_dust":2,"minecraft:cactus":3,"minecraft:bucket":20,"minecraft:dandelion":5,"minecraft:kelp":1713,"create:shaft":12,"minecraft:nether_wart":476,"minecraft:blaze_rod":26,"minecraft:raw_copper":31,"minecraft:tuff":8,"minecraft:stripped_oak_log":16,"minecraft:flint_and_steel":1,"supplementaries:flint_block":115,"minecraft:andesite":779,"minecraft:oak_sapling":4,"minecraft:golden_sword":8,"farmersdelight:minced_beef":102,"minecraft:raw_gold":102,"minecraft:magma_cream":2,"minecraft:calcite":1,"create:golden_sheet":200},"minecraft:used":{"minecraft:moss_block":4,"create:deployer":111,"minecraft:spruce_slab":109,"sophisticatedbackpacks:copper_backpack":3,"farmersdelight:cabbage_seeds":231,"minecraft:chest":120,"minecraft:stone":126,"minecraft:warped_sign":68,"create:fluid_tank":79,"minecraft:soul_sand":180,"create:white_sail":45,"create:mechanical_crafter":31,"create:depot":13,"minecraft:snowball":3,"minecraft:stripped_spruce_log":1,"minecraft:packed_ice":102,"minecraft:lava_bucket":26,"minecraft:netherite_shovel":4856,"create:andesite_funnel":35,"minecraft:netherite_boots":1,"create:rotation_speed_controller":4,"create:shaft":195,"minecraft:oak_sapling":2,"create:steam_engine":2,"minecraft:furnace":2,"create_power_loader:brass_chunk_loader":6,"minecraft:egg":2,"farmersdelight:hamburger":130,"minecraft:diorite":8,"minecraft:spruce_door":1,"minecraft:cactus":8,"minecraft:composter":40,"minecraft:oak_leaves":1,"create:spout":3,"minecraft:sand":7,"minecraft:netherite_helmet":2,"minecraft:deepslate_tiles":786,"createaddition:gold_spool":58,"create:adjustable_chain_gearshift":6,"minecraft:diamond_sword":203,"create:basin":12,"minecraft:ice":7,"minecraft:oak_boat":2,"minecraft:oak_trapdoor":73,"minecraft:netherrack":242,"minecraft:torch":344,"minecraft:brewing_stand":1,"farmersdelight:beef_patty":1,"create:wrench":1301,"create:gearbox":42,"minecraft:polished_deepslate_wall":12,"minecraft:barrel":17,"minecraft:bamboo":214,"create:encased_chain_drive":47,"minecraft:basalt":2,"tombstone:gift":1,"create:fluid_pipe":78,"comforts:sleeping_bag_white":106,"minecraft:cobbled_deepslate":49,"create:belt_connector":74,"sophisticatedbackpacks:gold_backpack":6,"create:smart_fluid_pipe":2,"createaddition:large_connector":38,"minecraft:wheat_seeds":401,"minecraft:water_bucket":185,"minecraft:chiseled_bookshelf":6,"minecraft:warped_stem":2,"create:brass_tunnel":1,"minecraft:spruce_fence_gate":15,"create:blaze_burner":3,"create:furnace_minecart_contraption":21,"minecraft:mossy_cobblestone":25,"minecraft:rail":42,"minecraft:comparator":12,"create:encased_fan":5,"minecraft:oak_slab":76,"minecraft:crafting_table":11,"minecraft:white_bed":39,"minecraft:spruce_log":1,"minecraft:mushroom_stem":3,"minecraft:oak_log":148,"minecraft:diamond_pickaxe":2504,"create:water_wheel":1,"minecraft:spruce_trapdoor":161,"minecraft:spruce_sapling":92,"minecraft:chiseled_stone_bricks":67,"minecraft:enchanted_book":93,"minecraft:cobblestone":48,"minecraft:potion":2,"create_sa:portable_drill":1,"create:clutch":1,"minecraft:stripped_oak_log":33,"minecraft:polished_deepslate":32,"minecraft:diamond_hoe":134,"minecraft:nether_wart":624,"tombstone:lollipop":2,"create:mechanical_bearing":1,"create:cogwheel":56,"minecraft:nether_bricks":6,"minecraft:carrot":390,"minecraft:furnace_minecart":7,"minecraft:obsidian":4,"sophisticatedbackpacks:diamond_backpack":5,"minecraft:glass":615,"minecraft:lantern":8,"create:millstone":14,"minecraft:stone_bricks":529,"minecraft:repeater":46,"createaddition:electric_motor":3,"farmersdelight:cutting_board":1,"create:mechanical_drill":560,"minecraft:wither_skeleton_skull":3,"create:crushing_wheel":2,"minecraft:oak_planks":81,"minecraft:diamond_axe":267,"minecraft:sugar_cane":41,"create:mechanical_saw":14,"farmersdelight:organic_compost":585,"create_sa:brass_jetpack_chestplate":59,"createaddition:rolling_mill":1,"minecraft:stone_brick_wall":242,"minecraft:shears":1,"minecraft:redstone_torch":16,"minecraft:lever":34,"vinery:grass_slab":36,"tombstone:grave_key":6,"minecraft:deepslate":22,"minecraft:gravel":6,"minecraft:grindstone":1,"minecraft:andesite":3,"create:vertical_gearbox":17,"minecraft:bone_meal":2446,"create:large_cogwheel":3,"storagedrawers:oak_full_drawers_1":1,"minecraft:oak_fence":62,"minecraft:netherite_sword":1134,"sophisticatedbackpacks:iron_backpack":1,"farmersdelight:diamond_knife":695,"minecraft:flint_and_steel":2,"create:item_vault":86,"minecraft:redstone":47,"minecraft:dried_kelp":2,"minecraft:spruce_planks":112,"farmersdelight:rich_soil":6,"minecraft:stone_hoe":710,"wildberries:raspberry":9,"minecraft:dirt":1606,"create:mechanical_pump":51,"create:mechanical_mixer":3,"minecraft:hopper":177,"createaddition:modular_accumulator":55,"create:attribute_filter":4,"minecraft:spruce_stairs":51,"create:mechanical_plough":3,"minecraft:spruce_fence":36,"create:chute":181,"minecraft:iron_hoe":131,"create:cart_assembler":13,"minecraft:golden_carrot":27,"alexsmobs:hummingbird_feeder":1,"create:radial_chassis":12,"minecraft:soul_soil":2,"minecraft:netherite_pickaxe":6339,"create:gearshift":11,"wildberries:blackberry":3,"create:empty_blaze_burner":7,"minecraft:glass_bottle":3,"minecraft:polished_andesite":1,"minecraft:netherite_chestplate":1,"minecraft:brown_mushroom":470,"minecraft:spruce_sign":8,"minecraft:stonecutter":2,"minecraft:cobblestone_slab":5,"farmersdelight:onion":231,"create:brass_funnel":65,"minecraft:warped_planks":36,"create:linear_chassis":646,"minecraft:piston":10,"createaddition:alternator":1,"supplementaries:cage":18,"create:mechanical_press":11,"create:windmill_bearing":1,"minecraft:netherite_axe":2491,"create:large_water_wheel":39,"create_sa:block_picker":4,"minecraft:bucket":200,"create_nj:netherite_jetpack_chestplate":53,"create:hand_crank":1,"minecraft:splash_potion":1},"minecraft:killed_by":{"minecraft:zombie":1,"minecraft:wither":2,"minecraft:wither_skeleton":1,"minecraft:skeleton":1},"minecraft:mined":{"minecraft:stripped_warped_stem":2,"minecraft:white_bed":3,"create:andesite_casing":15,"minecraft:granite":17,"minecraft:stone_brick_wall":10,"wildberries:raspberry_bush_stage_3":3,"minecraft:jungle_log":148,"minecraft:hopper":10,"create:belt":1,"minecraft:nether_wart":464,"minecraft:oxeye_daisy":1,"minecraft:chiseled_stone_bricks":15,"minecraft:spawner":1,"minecraft:tall_seagrass":14,"minecraft:magma_block":175,"minecraft:cobbled_deepslate":59,"minecraft:fire":26,"minecraft:barrel":3,"minecraft:moss_carpet":6,"minecraft:deepslate_lapis_ore":38,"minecraft:cave_vines":6,"create:limestone":2,"minecraft:brown_mushroom":30,"minecraft:kelp_plant":169,"minecraft:crimson_nylium":4,"minecraft:torch":22,"minecraft:melon":3,"minecraft:spruce_wall_sign":4,"farmersdelight:cabbages":232,"minecraft:glass":33,"minecraft:sugar_cane":102,"wildberries:blackberry_bush_stage_3":1,"minecraft:spruce_sign":4,"create:basin":2,"minecraft:repeater":2,"minecraft:wheat":270,"minecraft:grass":857,"create:linear_chassis":2,"minecraft:piston":2,"minecraft:deepslate":544,"create:zinc_ore":92,"minecraft:deepslate_tiles":46,"minecraft:mossy_cobblestone":1,"minecraft:nether_bricks":8,"minecraft:allium":18,"minecraft:spruce_fence":8,"minecraft:redstone_wire":2,"create:encased_fan":1,"minecraft:moss_block":114,"minecraft:kelp":13,"minecraft:redstone_ore":3,"create:shaft":6,"minecraft:snow":246,"minecraft:andesite":991,"minecraft:warped_wall_sign":2,"minecraft:vine":1,"minecraft:cobblestone_slab":1,"create:cart_assembler":1,"minecraft:rail":3,"create:chute":7,"minecraft:bamboo":666,"minecraft:oak_slab":1,"minecraft:comparator":6,"minecraft:soul_sand":121,"minecraft:dandelion":6,"minecraft:cornflower":1,"create:fluid_pipe":15,"minecraft:tall_grass":89,"minecraft:copper_ore":44,"minecraft:deepslate_gold_ore":147,"minecraft:diorite":19,"alexsmobs:hummingbird_feeder":1,"create:water_wheel_structure":1,"create:gearbox":2,"minecraft:spruce_log":1386,"create:mechanical_drill":3,"minecraft:gravel":25,"minecraft:cobweb":4,"minecraft:spruce_fence_gate":5,"minecraft:stone_bricks":67,"create:andesite_funnel":1,"minecraft:gold_ore":20,"minecraft:fern":12,"create:deepslate_zinc_ore":598,"minecraft:spruce_planks":3,"farmersdelight:rich_soil":6,"minecraft:farmland":311,"minecraft:spruce_trapdoor":23,"minecraft:cave_vines_plant":2,"minecraft:grass_block":2781,"minecraft:soul_soil":2,"minecraft:warped_sign":2,"minecraft:composter":6,"comforts:sleeping_bag_white":1,"minecraft:glowstone":85,"minecraft:iron_ore":98,"minecraft:azure_bluet":10,"minecraft:red_tulip":3,"minecraft:spruce_slab":77,"minecraft:deepslate_redstone_ore":167,"minecraft:blackstone":16,"farmersdelight:organic_compost":137,"wildberries:blueberry_bush_stage_3":1,"minecraft:calcite":2,"minecraft:poppy":1,"minecraft:chest":12,"farmersdelight:brown_mushroom_colony":437,"minecraft:mushroom_stem":31,"minecraft:cobblestone":13,"minecraft:oak_planks":22,"minecraft:wall_torch":5,"minecraft:seagrass":1,"minecraft:warped_nylium":1,"minecraft:warped_planks":36,"minecraft:birch_log":138,"minecraft:tnt":2,"minecraft:oak_log":390,"minecraft:sand":15,"minecraft:dirt":1364,"create:encased_chain_drive":1,"minecraft:netherrack":953,"minecraft:ancient_debris":8,"create:crimsite":2,"minecraft:oak_leaves":7,"create:brass_funnel":2,"minecraft:diamond_ore":3,"minecraft:tuff":103,"farmersdelight:onions":229,"minecraft:deepslate_diamond_ore":65,"minecraft:glow_lichen":1,"minecraft:lever":4,"create:large_cogwheel":1,"create:depot":1,"minecraft:brown_mushroom_block":225,"minecraft:oak_trapdoor":1,"minecraft:spruce_sapling":16,"minecraft:carrots":89,"minecraft:stripped_spruce_log":14,"minecraft:polished_deepslate":1,"minecraft:deepslate_iron_ore":78,"minecraft:stripped_oak_log":2,"minecraft:packed_ice":10,"createaddition:large_connector":7,"minecraft:stone":1834,"minecraft:redstone_wall_torch":2,"minecraft:podzol":29,"minecraft:basalt":151,"minecraft:oak_fence":1,"minecraft:crafting_table":1,"minecraft:lapis_ore":8,"minecraft:spruce_stairs":6,"minecraft:cactus":8,"minecraft:ice":1371,"minecraft:coal_ore":54,"minecraft:polished_andesite":1},"minecraft:picked_up":{"minecraft:stone_slab":6,"minecraft:diamond_sword":1,"minecraft:wither_rose":1,"alexsmobs:bone_serpent_tooth":3,"minecraft:golden_sword":8,"minecraft:polished_deepslate":1,"minecraft:string":53,"wildberries:raspberry":8,"minecraft:soul_soil":2,"create:limestone":2,"create:cart_assembler":1,"minecraft:cobbled_deepslate":1223,"minecraft:spruce_planks":15,"minecraft:golden_helmet":1,"minecraft:composter":6,"create:andesite_casing":16,"createaddition:large_connector":7,"minecraft:warped_planks":36,"minecraft:stone_sword":6,"farmersdelight:onion":1169,"minecraft:red_tulip":51,"minecraft:iron_block":33,"minecraft:glowstone":85,"supplementaries:ash":15,"minecraft:blaze_rod":97,"minecraft:snowball":260,"alexsmobs:flying_fish":3,"minecraft:birch_log":136,"minecraft:furnace_minecart":4,"minecraft:magma_block":111,"minecraft:feather":2,"minecraft:jungle_log":32,"minecraft:brown_wool":9,"minecraft:flint":894,"create:cinder_flour":1150,"create:encased_chain_drive":1,"artifacts:shock_pendant":1,"create:mechanical_plough":2,"minecraft:stripped_bamboo_block":767,"create:mechanical_drill":3,"create:shaft":37,"minecraft:diamond_helmet":1,"minecraft:moss_block":113,"create:gearshift":1,"tombstone:scroll_of_feather_fall":1,"minecraft:stripped_spruce_log":14,"minecraft:barrel":15,"minecraft:bundle":3,"minecraft:polished_andesite":49,"create:crimsite":2,"minecraft:deepslate":30,"minecraft:lever":15,"minecraft:granite":11,"alexsmobs:maggot":1,"create:precision_mechanism":3,"create:copper_sheet":117,"minecraft:crafting_table":1,"minecraft:nether_wart":2311,"minecraft:clay_ball":2,"minecraft:leather_leggings":1,"tombstone:scroll_of_preservation":1,"paraglider:heart_container":4,"minecraft:cornflower":1,"create:fluid_pipe":20,"artifacts:power_glove":1,"minecraft:flint_and_steel":2,"farmersdelight:beef_patty":102,"minecraft:respawn_anchor":1,"create:brass_funnel":5,"minecraft:stripped_warped_stem":2,"minecraft:beef":51,"minecraft:jungle_sapling":8,"minecraft:iron_nugget":119,"minecraft:poppy":318,"minecraft:spruce_slab":78,"minecraft:chest":13,"minecraft:birch_sapling":65,"minecraft:piston":2,"minecraft:egg":63,"minecraft:stone":2644,"farmersdelight:minced_beef":102,"alexsmobs:straddlite":3,"minecraft:spruce_fence":7,"minecraft:carrot":554,"minecraft:redstone":161,"minecraft:mushroom_stem":3,"create:brass_casing":69,"create:steam_engine":1,"create:vertical_gearbox":5,"minecraft:warped_sign":1,"create:depot":2,"tombstone:essence_of_undeath":1,"minecraft:gold_ingot":142,"sophisticatedbackpacks:copper_backpack":1,"minecraft:glow_berries":3,"minecraft:white_wool":159,"minecraft:bone_block":10,"minecraft:rail":15,"minecraft:oxeye_daisy":1,"minecraft:stripped_oak_log":2189,"create:iron_sheet":65,"wildberries:blackberry":3,"minecraft:oak_log":1532,"minecraft:ancient_debris":8,"tombstone:gift":1,"farmersdelight:organic_compost":137,"create:crushing_wheel":2,"minecraft:apple":117,"minecraft:stone_bricks":63,"minecraft:kelp":1748,"tombstone:bag_of_seeds":2,"minecraft:glass_bottle":4,"minecraft:flowering_azalea":1,"minecraft:gravel":794,"minecraft:spruce_sapling":389,"minecraft:spruce_log":2255,"minecraft:crying_obsidian":64,"create:millstone":4,"minecraft:slime_ball":56,"hauntedharvest:rotten_apple":7,"create:mechanical_pump":2,"minecraft:warped_roots":2,"minecraft:hopper":10,"minecraft:ender_pearl":16,"minecraft:wheat":265,"minecraft:iron_trapdoor":3,"minecraft:potion":1,"minecraft:raw_copper":31,"create:andesite_funnel":3,"alexsmobs:dropbear_claw":5,"minecraft:comparator":6,"minecraft:deepslate_tiles":570,"alexsmobs:blood_sac":6,"alexsmobs:banana":1,"minecraft:bucket":3,"farmersdelight:cabbage":230,"comforts:sleeping_bag_white":106,"minecraft:redstone_torch":2,"minecraft:cobblestone_slab":1,"minecraft:calcite":1,"minecraft:azalea":4,"minecraft:iron_pickaxe":1,"farmersdelight:cabbage_seeds":640,"vinery:jungle_grape_seeds_white":2,"minecraft:stick":331,"create:dough":17,"minecraft:torch":83,"create_sa:large_fueling_tank":1,"minecraft:spruce_stairs":6,"minecraft:dried_kelp":1053,"tombstone:grave_dust":33,"minecraft:diorite":17,"tombstone:lollipop":5,"minecraft:cactus":17,"minecraft:rotten_flesh":91,"farmersdelight:tree_bark":2144,"minecraft:obsidian":128,"minecraft:blaze_powder":111,"minecraft:cobblestone":20399,"minecraft:magma_cream":17,"minecraft:repeater":8,"minecraft:andesite":934,"minecraft:golden_leggings":1,"minecraft:potato":1,"paraglider:spirit_orb":2,"create:belt_connector":2,"minecraft:tuff":100,"create:raw_zinc":290,"minecraft:wither_skeleton_skull":3,"minecraft:lapis_lazuli":162,"minecraft:dirt":4178,"minecraft:leather_boots":3,"minecraft:glass":42,"minecraft:bone":588,"minecraft:bow":15,"minecraft:wheat_seeds":835,"minecraft:raw_gold":72,"minecraft:bamboo":6847,"minecraft:oak_planks":152,"create:cogwheel":2,"minecraft:sand":93,"minecraft:melon":3,"minecraft:grass_block":27,"minecraft:mossy_cobblestone":1,"minecraft:spruce_fence_gate":5,"minecraft:diamond":17,"minecraft:spruce_sign":4,"minecraft:oak_sapling":236,"minecraft:netherrack":1191,"minecraft:oak_leaves":1,"minecraft:nether_star":1,"minecraft:cocoa_beans":3,"minecraft:charcoal":1886,"minecraft:allium":19,"minecraft:azure_bluet":106,"minecraft:brown_mushroom":2137,"minecraft:packed_ice":10,"minecraft:stone_brick_wall":8,"alexsmobs:hummingbird_feeder":1,"minecraft:moss_carpet":20,"minecraft:oak_trapdoor":1,"create:chute":7,"minecraft:blackstone":11,"farmersdelight:straw":895,"minecraft:oak_boat":1,"create:basin":2,"minecraft:light_gray_wool":5,"minecraft:sugar_cane":185,"minecraft:spruce_trapdoor":22,"create:linear_chassis":6,"minecraft:raw_iron":61,"create:golden_sheet":1,"minecraft:copper_ingot":20,"artifacts:vampiric_glove":1,"create_nj:netherite_jetpack_chestplate":1,"create:zinc_ingot":1414,"minecraft:arrow":265,"minecraft:nether_bricks":10,"artifacts:cross_necklace":1,"minecraft:pink_tulip":1,"farmersdelight:rich_soil":6,"minecraft:basalt":98,"supplementaries:flint_block":16,"minecraft:glow_ink_sac":88,"minecraft:leather":40,"wildberries:blueberries":2,"minecraft:ice":1001,"minecraft:gunpowder":41,"artifacts:cloud_in_a_bottle":1,"minecraft:iron_ingot":1127,"minecraft:soul_sand":267,"minecraft:green_dye":6,"minecraft:oak_slab":1,"create:large_water_wheel":8,"minecraft:chiseled_stone_bricks":13,"minecraft:quartz":444,"minecraft:dandelion":6,"minecraft:lava_bucket":3,"minecraft:white_bed":3,"minecraft:spider_eye":41,"create:wheat_flour":19,"create:brass_ingot":3,"create:encased_fan":1,"tombstone:magic_scroll":4,"minecraft:coal":106},"minecraft:crafted":{"minecraft:blaze_powder":100,"create:brass_nugget":9,"minecraft:lever":16,"create:item_vault":122,"create:radial_chassis":15,"create:rotation_speed_controller":1,"minecraft:diamond_helmet":1,"create:andesite_funnel":16,"minecraft:repeater":40,"create:mechanical_press":2,"create:brass_funnel":12,"create:cogwheel":445,"create:mechanical_plough":1,"minecraft:glass_bottle":6,"minecraft:furnace_minecart":1,"create:rose_quartz":139,"minecraft:emerald":27,"minecraft:diamond_axe":1,"create:adjustable_chain_gearshift":2,"minecraft:spruce_door":3,"storagedrawers:oak_full_drawers_1":2,"minecraft:mossy_cobblestone":64,"minecraft:copper_ingot":879,"create:attribute_filter":1,"farmersdelight:organic_compost":448,"create:encased_chain_drive":19,"create:mechanical_mixer":2,"farmersdelight:beef_patty":14,"create:clutch":1,"createaddition:spool":48,"create:gearbox":39,"create:encased_fan":5,"minecraft:stone_slab":6,"vinery:grass_slab":30,"minecraft:iron_block":306,"minecraft:gold_ingot":967,"create:large_cogwheel":129,"create:propeller":1,"minecraft:netherite_ingot":23,"minecraft:composter":38,"minecraft:spruce_fence_gate":10,"storagedrawers:upgrade_template":8,"minecraft:packed_ice":110,"tombstone:book_of_disenchantment":3,"minecraft:iron_nugget":5966,"sophisticatedbackpacks:stack_upgrade_tier_3":1,"create:white_sail":42,"minecraft:diamond_hoe":1,"sophisticatedbackpacks:stack_upgrade_tier_1":1,"minecraft:bone_meal":3159,"minecraft:spruce_fence":126,"storagedrawers:oak_half_drawers_1":1,"storagedrawers:emerald_storage_upgrade":7,"minecraft:lantern":40,"minecraft:netherite_axe":1,"minecraft:spruce_stairs":56,"betterend:charcoal_block":195,"minecraft:spruce_slab":78,"minecraft:redstone_block":177,"create:electron_tube":112,"create:belt_connector":122,"create:windmill_bearing":1,"farmersdelight:hamburger":128,"create:brass_tunnel":2,"minecraft:dried_kelp":12,"create:dough":2,"sophisticatedbackpacks:gold_backpack":1,"minecraft:deepslate_tiles":208,"createaddition:large_connector":20,"create:andesite_alloy_block":262,"minecraft:golden_apple":36,"minecraft:warped_sign":72,"minecraft:fermented_spider_eye":7,"create:zinc_block":37,"minecraft:white_bed":36,"create:shaft":656,"createaddition:modular_accumulator":192,"createaddition:gold_spool":28,"minecraft:grindstone":1,"createaddition:capacitor":388,"minecraft:oak_planks":5401,"minecraft:cobblestone_slab":18,"minecraft:barrel":290,"toolbelt:pouch":2,"createaddition:rolling_mill":1,"create:mechanical_bearing":1,"create:deployer":45,"minecraft:warped_planks":200,"minecraft:bamboo_block":1722,"minecraft:hopper":100,"create:cart_assembler":1,"tombstone:grave_key":3,"minecraft:comparator":8,"minecraft:chest":180,"create:spout":3,"minecraft:netherite_upgrade_smithing_template":4,"minecraft:chiseled_stone_bricks":24,"minecraft:rail":32,"minecraft:stone_hoe":7,"minecraft:stone_bricks":672,"minecraft:oak_fence":144,"create:brass_hand":52,"minecraft:respawn_anchor":3,"minecraft:oak_slab":912,"create:depot":7,"minecraft:crafting_table":21,"minecraft:spruce_planks":1164,"create:mechanical_saw":7,"create:fluid_pipe":32,"minecraft:gold_block":90,"minecraft:birch_planks":16,"create:gearshift":6,"minecraft:brewing_stand":1,"sophisticatedbackpacks:upgrade_base":1,"farmersdelight:cutting_board":1,"minecraft:spruce_trapdoor":158,"minecraft:book":44,"minecraft:paper":132,"create:water_wheel":9,"create:super_glue":2,"sophisticatedbackpacks:diamond_backpack":1,"minecraft:stick":812,"create:mechanical_pump":12,"minecraft:iron_ingot":2635,"minecraft:snow_block":41,"minecraft:redstone_torch":563,"minecraft:deepslate_bricks":208,"minecraft:shears":3,"create:empty_blaze_burner":8,"create:chute":72,"minecraft:redstone":765,"minecraft:stone_brick_wall":144,"minecraft:netherite_sword":1,"minecraft:furnace":2,"minecraft:piston":10,"createaddition:copper_spool":10,"minecraft:diamond_block":20,"minecraft:oak_trapdoor":80,"minecraft:flint_and_steel":1,"minecraft:blue_ice":2,"minecraft:polished_deepslate":252,"minecraft:iron_hoe":1,"minecraft:slime_ball":10,"create:millstone":7,"minecraft:lime_dye":10,"create:fluid_tank":174,"minecraft:chiseled_bookshelf":6,"sophisticatedbackpacks:stack_upgrade_tier_2":1,"create:basin":4,"minecraft:netherite_scrap":90,"minecraft:minecart":1,"sophisticatedbackpacks:iron_backpack":1,"minecraft:sugar":135,"create:andesite_alloy":4137,"create:hand_crank":1,"minecraft:spruce_sign":9,"create:large_water_wheel":9,"minecraft:bucket":6,"minecraft:air":0,"minecraft:bread":255,"create:raw_zinc_block":56,"minecraft:oak_boat":1,"minecraft:white_wool":13,"create:whisk":2,"minecraft:white_dye":16,"minecraft:raw_gold":54,"create:linear_chassis":321,"create:mechanical_crafter":9,"minecraft:stonecutter":2,"create:mechanical_drill":290,"supplementaries:flint_block":7,"minecraft:torch":344,"create:smart_fluid_pipe":2,"minecraft:lapis_block":37},"minecraft:custom":{"minecraft:interact_with_crafting_table":1442,"minecraft:open_barrel":30,"goblintraders:trade_with_goblin":509,"minecraft:leave_game":47,"minecraft:time_since_death":1352789,"tombstone:eaten_lollipop":2,"minecraft:play_time":2743779,"minecraft:deaths":9,"minecraft:jump":9315,"tombstone:kill_undead_boss":1,"minecraft:enchant_item":19,"minecraft:interact_with_furnace":7,"minecraft:traded_with_villager":53,"minecraft:sleep_in_bed":106,"minecraft:damage_dealt":66409,"tombstone:use_disenchantment":3,"tombstone:undead_killed":304,"minecraft:interact_with_smoker":18,"minecraft:interact_with_smithing_table":4,"minecraft:inspect_hopper":160,"minecraft:damage_dealt_absorbed":50,"minecraft:sneak_time":116222,"minecraft:total_world_time":2743779,"tombstone:raider_killed":5,"minecraft:interact_with_stonecutter":54,"minecraft:time_since_rest":9150,"minecraft:swim_one_cm":572952,"minecraft:fly_one_cm":14660588,"minecraft:open_chest":2404,"minecraft:fall_one_cm":693859,"minecraft:animals_bred":3,"minecraft:sprint_one_cm":1285835,"minecraft:drop":1274,"minecraft:talked_to_villager":55,"minecraft:interact_with_brewingstand":5,"minecraft:walk_on_water_one_cm":254894,"minecraft:crouch_one_cm":258286,"minecraft:mob_kills":10634,"minecraft:damage_dealt_resisted":588,"minecraft:climb_one_cm":7429,"minecraft:walk_one_cm":5409159,"tombstone:consume_soul":3,"minecraft:walk_under_water_one_cm":171071,"minecraft:interact_with_grindstone":1,"minecraft:damage_taken":24151,"minecraft:trigger_trapped_chest":2},"minecraft:killed":{"minecraft:cave_spider":4,"alexsmobs:murmur":1,"minecraft:skeleton":159,"alexsmobs:straddler":12,"alexsmobs:centipede_head":1,"minecraft:magma_cube":32,"minecraft:iron_golem":1,"minecraft:zombie":79,"minecraft:glow_squid":1,"minecraft:cow":13,"alexsmobs:seagull":1,"minecraft:enderman":6,"minecraft:zombified_piglin":1,"minecraft:witch":5,"minecraft:spider":17,"minecraft:wither":1,"artifacts:mimic":4,"alexsmobs:stradpole":3,"minecraft:creeper":9,"alexsmobs:crimson_mosquito":6,"minecraft:ghast":1,"minecraft:blaze":40,"alexsmobs:bone_serpent":2,"alexsmobs:dropbear":2,"minecraft:slime":26,"minecraft:drowned":1,"minecraft:wither_skeleton":60},"minecraft:broken":{"minecraft:stone_hoe":4}},"DataVersion":3465}